set search_path to pkm_ui;

-- supplier
insert into supplier (nama,no_telepon,alamat,kota,contact_person,email) values
('Berlico','021-856789273','Jalan Raya','Jakarta','Amel','berlico@berlico.com'),
('Ifars','021-98374745','Bambu Kuning','Jakarta','Rahma','ifars@ifars.com'),
('Kimia Farma','021-8384945','Kober','Jakarta','Nono','kimia@farma.com'),
('Pyridam','021-485052912','Palang Raya','Jakarta','Alfian','pyridam@pyridam.com'),
('Promed','021-3849040','Manggarai','Jakarta','Sara','promed@promed.com'),
('Simex','021-939405','Sudirman','Jakarta','Sari','simex@simex.com'),
('Yarindo','021-29404058','Tanah Abang','Jakarta','Dian','yarindo@yarindo.com'),
('Zenith','021-20394950','Pulo Gadung','Jakarta','Nini','zenith@zenith.com');
-- otorisasi
INSERT INTO otorisasi VALUES (1, 'Mahasiswa', 2, 2, 2);
INSERT INTO otorisasi VALUES (2, 'Karyawan', 2, 2, 2);
INSERT INTO otorisasi VALUES (3, 'Masyarakat Umum', 2, 2, 2);
INSERT INTO otorisasi VALUES (4, 'Penanggung Jawab', 2, 2, 2);
INSERT INTO otorisasi VALUES (5, 'Koordinator Pelayanan', 2, 2, 2);
INSERT INTO otorisasi VALUES (6, 'Koord. Adm. dan Keuangan', 2, 2, 2);
INSERT INTO otorisasi VALUES (7, 'Administrasi Loket', 2, 2, 2);
INSERT INTO otorisasi VALUES (8, 'Dokter Umum', 2, 2, 2);
INSERT INTO otorisasi VALUES (9, 'Dokter Gigi', 2, 2, 2);
INSERT INTO otorisasi VALUES (10, 'Dokter Estetika Medis', 2, 2, 2);
INSERT INTO otorisasi VALUES (13, 'Koordinator Logistik', 2, 2, 2);
INSERT INTO otorisasi VALUES (11, 'Perawat Umum', 2, 2, 2);
INSERT INTO otorisasi VALUES (12, 'Perawat Gigi', 2, 2, 2);
INSERT INTO otorisasi VALUES (14, 'Staf Keuangan', 2, 2, 2);
INSERT INTO otorisasi VALUES (15, 'Apoteker', 2, 2, 2);
INSERT INTO otorisasi VALUES (16, 'Asisten Apoteker', 2, 2, 2);
INSERT INTO otorisasi VALUES (17, 'Kesekretariatan', 2, 2, 2);

--ldap_dummy
INSERT INTO ldap_dummy (ldap_username, ldap_password) values 
('mahasiswa', '044063c23354128b336df86f11872e68'),
('mahasiswa1', '044063c23354128b336df86f11872e68'),
('karyawan', '044063c23354128b336df86f11872e68');


INSERT INTO pengguna VALUES ('harun.gunawan', '6a144723835bf8d2ca3241a6535d3cff', 4);
INSERT INTO pengguna VALUES ('chaerunnisa', '5fad30428811fe378fd389cd7659a33c', 5);
INSERT INTO pengguna VALUES ('marisa', '458ff389547c5068dc72cf9b79ebcebd', 6);
INSERT INTO pengguna VALUES ('ratna.tri', '38753adc9fa129fd3626592006c4e8ce', 7);
INSERT INTO pengguna VALUES ('ani', '29d1e2357d7c14db51e885053a58ec67', 17);
INSERT INTO pengguna VALUES ('dokter', 'd22af4180eee4bd95072eb90f94930e5', 8);
INSERT INTO pengguna VALUES ('kasir', 'c7911af3adbd12a035b289556d96470a', 14);
INSERT INTO pengguna VALUES ('masyarakat01', 'ae7be26cdaa742ca148068d5ac90eaca', 3);
INSERT INTO pengguna VALUES ('karyawan01', 'b637b17af08aced8850c18cccde915da', 2);
INSERT INTO pengguna VALUES ('mahasiswa01', 'c4ca4238a0b923820dcc509a6f75849b', 1);
INSERT INTO pengguna VALUES ('johny', '05da9d587437a3f58cf91a8694448793', 8);
INSERT INTO pengguna VALUES ('drgigi', 'cf38cbb4c214666ed26bb2147408ee01', 9);
INSERT INTO pengguna VALUES ('suster', '4b225a628fd71a7c996fd2b009caa5be', 11);
INSERT INTO pengguna VALUES ('boyke', '1e99e48ce096dd7ba8ae5318526cfa99', 10);
INSERT INTO pengguna VALUES ('mozilla', 'dbeb1c32b66fd7717de583d999f89ec3', 5);
INSERT INTO pengguna VALUES ('saturnusa', 'e59b6a8bcc8f64eb550a918516117ff2', 7);
INSERT INTO pengguna VALUES ('loket', 'a9c8dcf6a784cb0d0672f8bcd3190b9c', 7);
INSERT INTO pengguna VALUES ('U10001', 'f5c25a0082eb0748faedca1ecdcfb131', 3);
INSERT INTO pengguna VALUES ('U10002', 'f5c25a0082eb0748faedca1ecdcfb131', 3);
INSERT INTO pengguna VALUES ('U10003', 'f5c25a0082eb0748faedca1ecdcfb131', 3);
INSERT INTO pengguna VALUES ('U10004', 'f5c25a0082eb0748faedca1ecdcfb131', 3);


-- pegawai
insert into pegawai (nomor, nama, jenis_kelamin, email, username, id_otorisasi) values
('P10001', 'DR. Harun A. Gunawan, MS.PAK', 'L', 'harun@ui.ac.id', 'harun.gunawan', 4),
('P10002', 'dr. Chaerunnisa R', 'P', 'chaerunnisa@ui.ac.id', 'chaerunnisa', 5),
('P10003', 'drg. Marisa Aristiawati H, MKM', 'P', 'marisa@ui.ac.id', 'marisa', 6),
('P10004', 'Ratna Tri Hari S., S.P, M.M', 'P', 'ratna@ui.ac.id', 'ratna.tri', 7),
('P10005', 'Ani Tursiah, S.Sos', 'P', 'ani@ui.ac.id', 'ani', 17),
('P10006', 'Dokter', 'P', 'dokter@ui.ac.id', 'dokter', 8),
('P10007', 'kasir', 'P', 'kasir@ui.ac.id', 'kasir', 14),
('P10008', 'Johny', 'P', 'johny@ui.ac.id', 'johny', 8),
('P10009', 'DRGigi', 'P', 'drgigi@ui.ac.id', 'drgigi', 9),
('P10010', 'Suster', 'P', 'suster@ui.ac.id', 'suster', 11),
('P10011', 'Boyke', 'P', 'boyke@ui.ac.id', 'boyke', 10),
('P10012', 'Mozilla Firefox', 'L', 'pelayanan@pkm.ui.ac.id', 'mozilla', 5),
('P10013', 'Sabaruti', 'P', 'loket@pkm.ui.ac.id', 'loket', 7)
;

-- pasien
INSERT INTO pasien VALUES ('A12345', 'Rizky Amalia Kurnia', 'P', 'Islam', 'A', 'Jakarta', '1993-04-27', 'false', 'Jl. Pembangunan No. 9A', 1, NULL, NULL, NULL, '081213456679', '0000000000', '2013-08-26 13:23:20.228', false, NULL, NULL, NULL, NULL, NULL);
INSERT INTO pasien VALUES ('B23456', 'Khoirul Annas', 'L', 'Hindu', 'B', 'Tangerang', '1992-05-20', 'false', 'Jl. Mawar No. 7', 1, NULL, NULL, NULL, '081213456679', '1111100000', '2013-08-26 13:23:20.228', false, NULL, NULL, NULL, NULL, NULL);
INSERT INTO pasien VALUES ('A34567', 'Dwi Novanto Ji', 'L', 'Atheis', 'AB', 'Bandung', '1992-09-11', 'false', 'Jl. Bangau No. 5', 2, NULL, NULL, NULL, '081213456679', '1111111111', '2013-08-26 13:23:20.228', false, NULL, NULL, NULL, NULL, NULL);
INSERT INTO pasien VALUES ('A45678', 'Theresia Devi Randha Saraswati', 'P', 'Kristen', 'O', 'Banjar', '1994-11-26', 'false', 'Jl. Teratai No. 3', 1, NULL, NULL, NULL, '081213456679', '1111122222', '2013-08-26 13:23:20.228', false, NULL, NULL, NULL, NULL, NULL);
INSERT INTO pasien VALUES ('A56789', 'Ardi', 'L', 'Islam', 'A', 'Bekasi', '1991-10-12', 'false', 'Jl. Wisuda No. 8', 3, NULL, NULL, NULL, '081213456679', '222221111', '2013-08-26 13:23:20.228', false, NULL, NULL, NULL, NULL, NULL);
INSERT INTO pasien VALUES ('A10000', 'Cinta', 'P', 'Kristen', 'AB', 'Bogor', '1986-01-18', 'true', 'Jl. Bebek No. 4', 3, NULL, NULL, NULL, '081213456679', '3333322222', '2013-08-26 13:23:20.228', false, NULL, NULL, NULL, NULL, NULL);
INSERT INTO pasien VALUES ('U10001', 'Bambang Pramuka', 'L', 'Islam', '-', 'Jakarta', '1991-08-08', 'Belum Menikah', 'Jalan Pramuka 1', 3, 'Pramuka', 'Indonesia', 'default.jpg', '0837489247', '23742698248', '2013-08-26 14:15:54.68', true, 'U10001', '1a1dc91c907325c69271ddf0c944bc72', '0', 2013, NULL);
INSERT INTO pasien VALUES ('U10002', 'Nyaa Miawa', 'P', 'Katolik', '-', 'Jakarta', '1979-08-17', 'Sudah Menikah', 'Jalan Kamboja 87', 3, 'Ibu Rumah Tangga', 'Indonesia', 'default.jpg', '0842742672', '0934732483', '2013-08-26 14:20:14.485', true, 'U10002', '1a1dc91c907325c69271ddf0c944bc72', '0', 2013, NULL);
INSERT INTO pasien VALUES ('U10003', 'Mondede', 'P', 'Islam', '-', 'Jakarta', '1979-08-18', 'Sudah Menikah', 'Jalan Jawa 235', 3, 'Petualang', 'Indonesia', 'default.jpg', '082347762', '0934732483', '2013-08-26 14:22:13.092', true, 'U10003', '1a1dc91c907325c69271ddf0c944bc72', '0', 2013, NULL);
INSERT INTO pasien VALUES ('U10004', 'Agus Agustian', 'P', 'Islam', '-', 'Jakarta', '1978-08-24', 'Sudah Menikah', 'Jalan Kalimantan 5', 3, 'Bolang', 'Indonesia', 'default.jpg', '087386723', '487587438229', '2013-08-26 14:23:40.361', true, 'U10004', '1a1dc91c907325c69271ddf0c944bc72', '0', 2013, NULL);

-- layanan
insert into layanan (nama, deskripsi) values
('Poli Umum', 'Poli Umum Universitas Indonesia - Depok'),
('Poli Gigi', 'Poli Gigi Universitas Indonesia - Depok'),
('Estetika Medis', 'Estetika Medis Universitas Indonesia - Depok');

-- tindakan 
insert into tindakan (id, jenis_pelayanan, nama, tarif_umum,
tarif_karyawan, tarif_mahasiswa, ketentuan) values 
('Non', '-', 'Tidak ada tindakan', '0', '0', '0', 'Tidak ada'), 
('A1','Ambulans','Ambulans 5km','50000','0','0','Jarak sd 5 km'),
('A2','Ambulans','Ambulans 6-10km','75000','50000','0','Jarak 6 - 10 km'),
('A3','Ambulans','Ambulans 11-20km','125000','75000','0','Jarak 11 - 20 km'),
('A4','Ambulans','Ambulans 21-30km','150000','125000','0','Jarak 21 - 30 km '),
('A5','Ambulans','Ambulans >30km','200000','150000','50000','Jarak lebih dari 30 km'),
('G1','Poli Gigi','Konsultasi dokter gigi','30000','0','0',''),
('G2','Poli Gigi','Scalling','100000','70000','0','Per kunjungan'),
('G3','Poli Gigi','Kuretase ','100000','80000','0','Per regio'),
('G4','Poli Gigi','Operasi Flap ','150000','100000','100000','Per regio'),
('G5','Poli Gigi','Amalgam','70000','60000','0',''),
('G6','Poli Gigi','GIC kecil','80000','70000','0',''),
('G7','Poli Gigi','GIC sedang','90000','70000','0',''),
('G8','Poli Gigi','GIC besar','100000','70000','0',''),
('G9','Poli Gigi','Resin Komposit ','100000','85000','0',''),
('G10','Poli Gigi','Resin Komposit Kompleks','150000','100000','0',''),
('G11','Poli Gigi','Labial Veneering Resin Komposit','200000','150000','150000',''),
('G12','Poli Gigi','Tumpatan Sementara','50000','40000','0',''),
('G13','Poli Gigi','Onlay Metal','500000','450000','450000',''),
('G14','Poli Gigi','Onlay Metal Porcelain','900000','800000','800000',''),
('G15','Poli Gigi','Perawatan Saluran Akar ','60000','50000','0','Per kunjungan'),
('G16','Poli Gigi','GTS Akrilik + gigi pertama ','500000','400000','400000',''),
('G17','Poli Gigi','Penambahan /gigi selanjutnya','100000','100000','100000',''),
('G18','Poli Gigi','GTS Kerangka Logam','1000000','900000','900000',''),
('G19','Poli Gigi','Gigi pertama dan selanjutnya','100000','100000','100000',''),
('G20','Poli Gigi','GTS Valplast +gigi pertama','800000','700000','700000',''),
('G21','Poli Gigi','Crown All Akrilik ','500000','450000','450000','Per gigi'),
('G22','Poli Gigi','Crown Komposit Adoro','800000','700000','700000','Per gigi'),
('G23','Poli Gigi','Crown Metal Porcelain ','900000','800000','800000','Per gigi'),
('G24','Poli Gigi','Crown All Porcelain','1500000','1200000','1200000','Per gigi'),
('G25','Poli Gigi','Ekstraksi gigi tetap','75000','50000','50000',''),
('G26','Poli Gigi','Ekstraksi komplikasi','150000','100000','100000',''),
('G27','Poli Gigi','Odontektomi Kelas I','600000','500000','500000',''),
('G28','Poli Gigi','Odontektomi Kelas II','800000','600000','600000',''),
('G29','Poli Gigi','Alveolektomi ','300000','200000','200000','Per regio'),
('G30','Poli Gigi','Frenektomi  ','300000','200000','200000',''),
('R1', 'Radiologi', 'Pemeriksaan Rontgen Gigi', '20000', '20000', '20000', ''),
('L1','Laboratorium','Darah Rutin','50000','50000','50000',''),
('L2','Laboratorium','Hemoglobin','10000','10000','10000',''),
('L3','Laboratorium','Leukosit','10000','10000','10000',''),
('L4','Laboratorium','Hitung Jenis','10000','10000','10000',''),
('L5','Laboratorium','Trombosit','10000','10000','10000',''),
('L6','Laboratorium','Hematokrit','10000','10000','10000',''),
('L7','Laboratorium','Eritrosit','10000','10000','10000',''),
('L8','Laboratorium','Eosinofil','20000','20000','20000',''),
('L9','Laboratorium','Retikulosit','20000','20000','20000',''),
('L10','Laboratorium','Gambaran Darah Tepi','25000','25000','25000',''),
('L11','Laboratorium','Golongan Darah ABO Rh+','20000','20000','20000',''),
('L12','Laboratorium','Laju Endap Darah','10000','10000','10000',''),
('L13','Laboratorium','Masa Perdarahan','15000','15000','15000',''),
('L14','Laboratorium','Masa Pembekuan','15000','15000','15000',''),
('L15','Laboratorium','PTT','132000','132000','132000',''),
('L16','Laboratorium','APTT','138000','138000','138000',''),
('L17','Laboratorium','Fibrinogen','170000','170000','170000',''),
('L18','Laboratorium','Agregasi Trombosit','210000','210000','210000',''),
('L19','Laboratorium','Viskositas Darah','50000','50000','50000',''),
('L20','Laboratorium','Serum Iron','77000','77000','77000',''),
('L21','Laboratorium','TIBC','140000','140000','140000',''),
('L22','Laboratorium','Ferittin','180000','180000','180000',''),
('L23','Laboratorium','G6PD','140000','140000','140000',''),
('L24','Laboratorium','MCV','15000','15000','15000',''),
('L25','Laboratorium','MCH','15000','15000','15000',''),
('L26','Laboratorium','MCHC','15000','15000','15000',''),
('L27','Laboratorium','Sel LE','50000','50000','50000',''),
('L28','Laboratorium','ICT Malaria','90000','90000','90000',''),
('L29','Laboratorium','Malaria','30000','30000','30000',''),
('L30','Laboratorium','Transferin','190000','190000','190000',''),
('L31','Laboratorium','Trombotest Owren','143000','143000','143000',''),
('L32','Laboratorium','Hitung Netrofil','15000','15000','15000',''),
('L33','Laboratorium','Hitung Limfosit','15000','15000','15000',''),
('L34','Laboratorium','Darah Lengkap','50000','50000','50000',''),
('L35','Laboratorium','Paket PT + INR','163000','163000','163000',''),
('L36','Laboratorium','D-Dimer','510000','510000','510000',''),
('L37','Laboratorium','Asam Folat','530000','530000','530000',''),
('L38','Laboratorium','Vit B12','550000','550000','550000',''),
('L39','Laboratorium','Tes coombs-direct','250000','250000','250000',''),
('L40','Laboratorium','Elektoforesis Hb','280000','280000','280000',''),
('L41','Laboratorium','AT-3','390000','390000','390000',''),
('L42','Laboratorium','Faktor VIII','400000','400000','400000',''),
('L43','Laboratorium','Faktor IX','400000','400000','400000',''),
('L44','Laboratorium','Thrombin Time','165000','165000','165000',''),
('L45','Laboratorium','Protein S','590000','590000','590000',''),
('L46','Laboratorium','Protein C','590000','590000','590000',''),
('L47','Laboratorium','CD4','280000','280000','280000',''),
('L48','Laboratorium','CD4-CD8','410000','410000','410000',''),
('L49','Laboratorium','Urine Lengkap','20000','20000','20000',''),
('L50','Laboratorium','Protein Total','11000','11000','11000',''),
('L51','Laboratorium','Glukosa Urin','8000','8000','8000',''),
('L52','Laboratorium','Sedimen Urin','10000','10000','10000',''),
('L53','Laboratorium','Protein Bence Jones','20000','20000','20000',''),
('L54','Laboratorium','Microalbumin Urine','110000','110000','110000',''),
('L55','Laboratorium','Protein Esbach','40000','40000','40000',''),
('L56','Laboratorium','Tes Kehamilan','25000','25000','25000',''),
('L57','Laboratorium','Faeces Rutin','20000','20000','20000',''),
('L58','Laboratorium','Lemak','15000','15000','15000',''),
('L59','Laboratorium','Darah  Samar','50000','50000','50000',''),
('L60','Laboratorium','Pencernaan','40000','40000','40000',''),
('L61','Laboratorium','Protein Total','40000','40000','40000',''),
('L62','Laboratorium','Albumin','15000','15000','15000',''),
('L63','Laboratorium','Globulin','15000','15000','15000',''),
('L64','Laboratorium','Total Protein','15000','15000','15000',''),
('L65','Laboratorium','SGOT','20000','20000','20000',''),
('L66','Laboratorium','SGPT','20000','20000','20000',''),
('L67','Laboratorium','Gamma GT','30000','30000','30000',''),
('L68','Laboratorium','Fosfatase Alkali','35000','35000','35000',''),
('L69','Laboratorium','Bilirubin Total','40000','40000','40000',''),
('L70','Laboratorium','Gamma Globulin','120000','120000','120000',''),
('L71','Laboratorium','TTT','55000','55000','55000',''),
('L72','Laboratorium','Cholinesterase','100000','100000','100000',''),
('L73','Laboratorium','Protein Elektroforesis','120000','120000','120000',''),
('L74','Laboratorium','Amilase','140000','140000','140000',''),
('L75','Laboratorium','Lipase','140000','140000','140000',''),
('L76','Laboratorium','Cholesterol Total','20000','20000','20000',''),
('L77','Laboratorium','Trigliserida','22000','22000','22000',''),
('L78','Laboratorium','Total Lipid','52000','52000','52000',''),
('L79','Laboratorium','HDL - Cholesterol','25000','25000','25000',''),
('L80','Laboratorium','LDL - Cholesterol','25000','25000','25000',''),
('L81','Laboratorium','Apo A-1','190000','190000','190000',''),
('L82','Laboratorium','Apo B','150000','150000','150000',''),
('L83','Laboratorium','Lipoprotein','240000','240000','240000',''),
('L84','Laboratorium','BUN Ureum','20000','20000','20000',''),
('L85','Laboratorium','Kretinin','20000','20000','20000',''),
('L86','Laboratorium','Asam Urat','20000','20000','20000',''),
('L87','Laboratorium','Creatinie Clearance','50000','50000','50000',''),
('L88','Laboratorium','Urea Clearance','50000','50000','50000',''),
('L89','Laboratorium','Glukosa Puasa','15000','15000','15000',''),
('L90','Laboratorium','Glukosa 2 Jam PP','15000','15000','15000',''),
('L91','Laboratorium','Gula Darah Sewaktu','15000','15000','15000',''),
('L92','Laboratorium','GTT','60000','60000','60000',''),
('L93','Laboratorium','HbAIC','150000','150000','150000',''),
('L94','Laboratorium','Glukosa Kurva Harian','60000','60000','60000',''),
('L95','Laboratorium','Paket Na, K, Cl','210000','210000','210000',''),
('L96','Laboratorium','Natrium','80000','80000','80000',''),
('L97','Laboratorium','Kalium','80000','80000','80000',''),
('L98','Laboratorium','Chloride','80000','80000','80000',''),
('L99','Laboratorium','Natrium Urine','80000','80000','80000',''),
('L100','Laboratorium','Kalium Urine','80000','80000','80000',''),
('L101','Laboratorium','Chloride Urine','80000','80000','80000',''),
('L102','Laboratorium','Calcium','80000','80000','80000',''),
('L103','Laboratorium','Phospor','80000','80000','80000',''),
('L104','Laboratorium','Magnesium','80000','80000','80000',''),
('L108','Laboratorium','HBsAg','80000','80000','80000',''),
('L109','Laboratorium','Anti HBS','100000','100000','100000',''),
('L110','Laboratorium','Anti HBS-titer','180000','180000','180000',''),
('L111','Laboratorium','Anti HBc','190000','190000','190000',''),
('L112','Laboratorium','IgM Anti HBC','350000','350000','350000',''),
('L113','Laboratorium','HBcAg','305000','305000','305000',''),
('L114','Laboratorium','Anti Hbe','320000','320000','320000',''),
('L115','Laboratorium','Anti HAV','260000','260000','260000',''),
('L116','Laboratorium','IgM Anti HAV','280000','280000','280000',''),
('L117','Laboratorium','Anti HCV','100000','100000','100000',''),
('L118','Laboratorium','Toxoplasma IgG','200000','200000','200000',''),
('L119','Laboratorium','Toxoplasma IgM','200000','200000','200000',''),
('L120','Laboratorium','Rubella IgG','215000','215000','215000',''),
('L121','Laboratorium','Rubella IgM','265000','265000','265000',''),
('L122','Laboratorium','CMV IgG','440000','440000','440000',''),
('L123','Laboratorium','CMV IgM','280000','280000','280000',''),
('L124','Laboratorium','H5V2 IgG','220000','220000','220000',''),
('L125','Laboratorium','H5V2 IgM','220000','220000','220000',''),
('L126','Laboratorium','H5V1 IgG','210000','210000','210000',''),
('L127','Laboratorium','H5V1 IgM','220000','220000','220000',''),
('L128','Laboratorium','TFHA','55000','55000','55000',''),
('L129','Laboratorium','VORL','45000','45000','45000',''),
('L130','Laboratorium','Widal','40000','40000','40000',''),
('L131','Laboratorium','RF','80000','80000','80000',''),
('L132','Laboratorium','RF Kuantitatiif','130000','130000','130000',''),
('L133','Laboratorium','CRP','60000','60000','60000',''),
('L134','Laboratorium','CKuantitatif','185000','185000','185000',''),
('L135','Laboratorium','ASTO','60000','60000','60000',''),
('L136','Laboratorium','ASTO Kuantitatif','130000','130000','130000',''),
('L137','Laboratorium','HIV','100000','100000','100000',''),
('L138','Laboratorium','C-3 Komplemen','275000','275000','275000',''),
('L139','Laboratorium','C-4 Komplemen','275000','275000','275000',''),
('L140','Laboratorium','ICT TB Rapid','100000','100000','100000',''),
('L141','Laboratorium','ANA','275000','275000','275000',''),
('L142','Laboratorium','Anti dsDNA','285000','285000','285000',''),
('L143','Laboratorium','IgG','160000','160000','160000',''),
('L144','Laboratorium','IgM','160000','160000','160000',''),
('L145','Laboratorium','IgA','160000','160000','160000',''),
('L146','Laboratorium','IgG TB','100000','100000','100000',''),
('L147','Laboratorium','IDT','240000','240000','240000',''),
('L148','Laboratorium','H pylori Kuantitatif','162000','162000','162000',''),
('L149','Laboratorium','Anti DHF Rapid','150000','150000','150000',''),
('L150','Laboratorium','ACA IgG','360000','360000','360000',''),
('L151','Laboratorium','ACA IgM','360000','360000','360000',''),
('L152','Laboratorium','IgM Anti HCV','545000','545000','545000',''),
('L153','Laboratorium','IgG Clamyda','465000','465000','465000',''),
('L154','Laboratorium','IgM Clamyda','465000','465000','465000',''),
('L155','Laboratorium','Alfa 1 Anti Tripsin','138000','138000','138000',''),
('L156','Laboratorium','Platelet Antibody','96000','96000','96000',''),
('L157','Laboratorium','IgE Total','230000','230000','230000',''),
('L158','Laboratorium','SMA','114000','114000','114000',''),
('L159','Laboratorium','AMA','108000','108000','108000',''),
('L160','Laboratorium','Toxoplasma IgG Avidity','220000','220000','220000',''),
('L161','Laboratorium','NSI Ag','150000','150000','150000',''),
('L163','Laboratorium','AFP','220000','220000','220000',''),
('L164','Laboratorium','CEA','200000','200000','200000',''),
('L165','Laboratorium','Ca-125','400000','400000','400000',''),
('L166','Laboratorium','PSA Total','265000','265000','265000',''),
('L167','Laboratorium','Ca19-9','400000','400000','400000',''),
('L168','Laboratorium','SCC','405000','405000','405000',''),
('L169','Laboratorium','Ca15-3','330000','330000','330000',''),
('L170','Laboratorium','NSE','520000','520000','520000',''),
('L171','Laboratorium','Free PSA','640000','640000','640000',''),
('L172','Laboratorium','T3','165000','165000','165000',''),
('L173','Laboratorium','T3 Up Take','330000','330000','330000',''),
('L174','Laboratorium','T4','165000','165000','165000',''),
('L175','Laboratorium','FTI','410000','410000','410000',''),
('L176','Laboratorium','TSHs','175000','175000','175000',''),
('L177','Laboratorium','Free T4','220000','220000','220000',''),
('L178','Laboratorium','LH','230000','230000','230000',''),
('L179','Laboratorium','FSH','230000','230000','230000',''),
('L180','Laboratorium','Prolaktin','220000','220000','220000',''),
('L181','Laboratorium','Testosteron','220000','220000','220000',''),
('L182','Laboratorium','Estradial','280000','280000','280000',''),
('L183','Laboratorium','Progesteron','285000','285000','285000',''),
('L184','Laboratorium','B-HCG Kuantitatif','315000','315000','315000',''),
('L185','Laboratorium','Parathyroid Hormone','525000','525000','525000',''),
('L186','Laboratorium','Cortisol','310000','310000','310000',''),
('L187','Laboratorium','Insulin','250000','250000','250000',''),
('L188','Laboratorium','Preparat Gram','20000','20000','20000',''),
('L189','Laboratorium','Preparat BTA','20000','20000','20000',''),
('L190','Laboratorium','Preparat BTA 3x','60000','60000','60000',''),
('L191','Laboratorium','Preparay Jamur/Spora','30000','30000','30000',''),
('L192','Laboratorium','Preparat GO','20000','20000','20000',''),
('L193','Laboratorium','Preparat Candida','20000','20000','20000',''),
('L194','Laboratorium','Kultur Darah','240000','240000','240000',''),
('L195','Laboratorium','Kultur Gall','240000','240000','240000',''),
('L196','Laboratorium','Kulltur Faeces','270000','270000','270000',''),
('L197','Laboratorium','Kultur PUS','270000','270000','270000',''),
('L198','Laboratorium','Kultur Sekret','280000','280000','280000',''),
('L199','Laboratorium','Kultur Sputum','270000','270000','270000',''),
('L200','Laboratorium','Kultur Swab','280000','280000','280000',''),
('L201','Laboratorium','Kultur Urin','230000','230000','230000',''),
('L202','Laboratorium','Kultur BTA','230000','230000','230000',''),
('L203','Laboratorium','Kultur Jamur tanpa Resistensi','230000','230000','230000',''),
('L204','Laboratorium','CPK/CK','130000','130000','130000',''),
('L205','Laboratorium','CK-MB','150000','150000','150000',''),
('L206','Laboratorium','LDH','100000','100000','100000',''),
('L207','Laboratorium','Homocystein','330000','330000','330000',''),
('L208','Laboratorium','HsCRP','160000','160000','160000',''),
('L209','Laboratorium','Tropanin I','75000','75000','75000',''),
('L210','Laboratorium','Amphetamine','40000','40000','40000',''),
('L211','Laboratorium','Metamphetamine','40000','40000','40000',''),
('L212','Laboratorium','Cannabis/Marijuana','40000','40000','40000',''),
('L213','Laboratorium','Coccaine','40000','40000','40000',''),
('L214','Laboratorium','Benzodiozepine','40000','40000','40000',''),
('L215','Laboratorium','Morphine','40000','40000','40000',''),
('L216','Laboratorium','Barbiturate','40000','40000','40000',''),
('L217','Laboratorium','Analisa Liquor','180000','180000','180000',''),
('L218','Laboratorium','Analisa Pleura','180000','180000','180000',''),
('L219','Laboratorium','Analisa Sperma','45000','45000','45000',''),
('L220','Laboratorium','Ig E Rash','400000','400000','400000',''),
('E1','Estetika Medis','Chemical peeling AHA 20-35%','80000','80000','80000','1 kali'),
('E2','Estetika Medis','Chemical peeling AHA 50-70%','100000','100000','100000','1 kali'),
('E3','Estetika Medis','Paket Peeling AHA 20%','280000','280000','280000','4 kali'),
('E4','Estetika Medis','Chemical peeling TCA 15-25%','125000','125000','125000','1 kali'),
('E5','Estetika Medis','Peeling Tangan/Kaki','150000','150000','150000','1 kali'),
('E6','Estetika Medis','KonsultasiDokter','50000','50000','50000','1 kali'),
('U1','Poli Umum','Konsultasi/Pemeriksaan Fisik (PF)','15000','0','0',''),
('U2','Poli Umum','Surat Keterangan Sehat (SKS)','15000','0','0','sudah termasuk konsultasi'),
('U3','Poli Umum','Surat Keterangan Bebas Buta Warna','15000','0','0','sudah termasuk konsultasi'),
('U4','Poli Umum','Surat Keterangan Bebas Narkoba','15000','0','0','di luar biaya tes laboratorium'),
('U5','Poli Umum','Membersihkan Luka (WT) grade I','5000','0','0',''),
('U6','Poli Umum','Membersihkan Luka (WT) grade II','15000','0','0',''),
('U7','Poli Umum','Membersihkan Luka (WT) grade III','25000','0','0',''),
('U8','Poli Umum','Angkat Jahitan (Aff Hecting)','2500','2500','0','per jahitan'),
('U9','Poli Umum','Insisi Abses','20000','20000','0',''),
('U10','Poli Umum','Menjahit Luka,  1 jahitan','15000','15000','0',''),
('U11','Poli Umum','Menjahit Luka ≥ 2 jahitan ','5000','5000','0','per jahitan, sesudah jahitan pertama'),
('U12','Poli Umum','Membersihkan serumen prop','30000','30000','0','per telinga'),
('U13','Poli Umum','Nebulizer','10000','10000','0','per 15 menit'),
('U14','Poli Umum','Inhalasi Oksigen','2500','2500','0','per 10 menit'),
('U15','Poli Umum','Pasang Infus','20000','20000','0','belum termasuk infus set dan cairan'),
('U16','Poli Umum','Ekstraksi Kuku','50000','50000','0','per kuku'),
('U17','Poli Umum','Sirkumsisi','250000','250000','250000',''),
('U18','Poli Umum','Ekstraksi Clavus','70000','70000','70000','per clavus'),
('U19','Poli Umum','Suntik Tetanus Toxoid','20000','20000','0',''),
('U20','Poli Umum','Injeksi Kalmethasone','10000','10000','0',''),
('U21','Poli Umum','Injeksi Decamidon','5000','5000','0',''),
('U22','Poli Umum','Injeksi Fordin','10000','10000','0',''),
('U23','Poli Umum','Elektrokardiografi (EKG)','50000','50000','50000','');

-- diagnosis
insert into diagnosis (kode, jenis_penyakit, keterangan) values
('A00','Kolera','Penyakit infeksi usus'),
('A01.0','Demam Tifoid','Penyakit infeksi usus'),
('A01.4','Demam Paratifoid, tidak spesifik','Penyakit infeksi usus'),
('A02','Infeksi Salmonela lainnya','Penyakit infeksi usus'),
('A03','Shigelosis, Disentri Basiler tidak spesifik','Penyakit infeksi usus'),
('A04','Infeksi Usus karena bakteri lainnya tidak spesifik','Penyakit infeksi usus'),
('A04.7','Enterokolitis karena Clostridium difficile ','Penyakit infeksi usus'),
('A04.8','Infeksi bakteri spesifik lainnya','Penyakit infeksi usus'),
('A05','Keracunan makanan karena bakteri lainnya','Penyakit infeksi usus'),
('A06','Amubiasis, Disentri Amuba','Penyakit infeksi usus'),
('A07','Penyakit protozoa usus lainnya','Penyakit infeksi usus'),
('A08','Infeksi virus dan infeksi usus tertentu lainnya','Penyakit infeksi usus'),
('A09','Diare dan Gastroenteritis','Penyakit infeksi usus'),
('A15.0','Tuberkulosis Paru BTA (+) dengan/ tanpa pemeriksaan biakan','Tuberkulosis'),
('A16.0','Tuberkulosis paru klinis','Tuberkulosis'),
('A15.1','Tuberkulosis paru lainnya','Tuberkulosis'),
('A16.3','Tuberkulosis alat nafas lainnya','Tuberkulosis'),
('A17.0','Meningitis Tuberkolosa','Tuberkulosis'),
('A18','Tuberkulosis organ lainnya','Tuberkulosis'),
('A18.0','Tuberkulosis tulang dan sendi','Tuberkulosis'),
('A18.2','Tuberkulosis limfadenopati perifer','Tuberkulosis'),
('A19','Tuberkulosis Miliaris','Tuberkulosis'),
('A20 ','Pes/ Sampar','Penyakit infeksi bakteri hewan'),
('A22','Antraks','Penyakit infeksi bakteri hewan'),
('A25','Demam akibat gigitan tikus','Penyakit infeksi bakteri hewan'),
('A27','Leptospirosis','Penyakit infeksi bakteri hewan'),
('A30.0','Kusta I/ T (MB)','Infeksi bakteri lainnya'),
('A30.5','Kusti B/L (PB)','Infeksi bakteri lainnya'),
('A33','Tetanus Neonatorum','Infeksi bakteri lainnya'),
('A35','Tetanus lainnya','Infeksi bakteri lainnya'),
('A36','Difteria','Infeksi bakteri lainnya'),
('A37','Pertusis/ Batuk rejan','Infeksi bakteri lainnya'),
('A39','Infeksi Meningokok','Infeksi bakteri lainnya'),
('A40','Septisemia','Infeksi bakteri lainnya'),
('A50 ','Sifilis kongenital/ bawaan','Penyakit yang ditularkan melalui hubungan seksual'),
('A51','Sifilis dini','Penyakit yang ditularkan melalui hubungan seksual'),
('A54','Infeksi Gonokok','Penyakit yang ditularkan melalui hubungan seksual'),
('A66','Frambusia','Penyakit spirokaetal Lainnya'),
('A71','Trakoma','Penyakit lain karena chlamydia'),
('A80 ','Polimielitis Akut','Infeksi virus pada susunan saraf pusat'),
('A82','Rabies','Infeksi virus pada susunan saraf pusat'),
('A87','Meningitis karena virus','Infeksi virus pada susunan saraf pusat'),
('A90 ','Demam Dengue','Demam berdarah virus dan Demam virus ditularkan oleh antropoda'),
('A91','Demam Berdarah Dengue','Demam berdarah virus dan Demam virus ditularkan oleh antropoda'),
('A92.0 ','Chikungunya','Demam berdarah virus dan Demam virus ditularkan oleh antropoda'),
('B00','Infeksi herpesvirus (herpes simplex)','Infeksi virus dengan lesi kulit dan membran mukosa'),
('B01','Verisela/ Cacar air','Infeksi virus dengan lesi kulit dan membran mukosa'),
('B02','Herpes Zoster','Infeksi virus dengan lesi kulit dan membran mukosa'),
('B02.8','Herpes Zoster dengan komplikasi lainnya','Infeksi virus dengan lesi kulit dan membran mukosa'),
('B05','Campak','Infeksi virus dengan lesi kulit dan membran mukosa'),
('B07','Kutil yang disebabkan oleh virus','Infeksi virus dengan lesi kulit dan membran mukosa'),
('B15','Hepatitis A akut (klinis)','Hepatitis virus'),
('B16','Hepatitis B akut','Hepatitis virus'),
('B17','Hepatitis virus lainnya','Hepatitis virus'),
('B20','Penyakit HIV/AIDS','Penyakit virus ganguan defisiensi imun pada manusia'),
('B26 ','Parotitis ','Penyakit virus lainnya'),
('B35.0','Tinea barbae dan tinea kapitis','Penyakit jamur'),
('B35.1','Tinea unguium ','Penyakit jamur'),
('B35.3','Tinea pedis','Penyakit jamur'),
('B35.4','Tinea korporis','Penyakit jamur'),
('B35.6','Tinea kruris','Penyakit jamur'),
('B36.0','Pityriasis versicolor','Penyakit jamur'),
('B37','Kandidiasis','Penyakit jamur'),
('B50 ','Malaria karena plasmodium falsiparum (Malaria Tropika)','Penyakit disebabkan oleh protozoa'),
('B51','Malaria karena plasmodium vivaks (Malaria Tertiana)','Penyakit disebabkan oleh protozoa'),
('B52','Malaria karena plasmodium malaria','Penyakit disebabkan oleh protozoa'),
('B53.0','Malaria karena plasmodium ovale','Penyakit disebabkan oleh protozoa'),
('B53.8','Malaria terbukti secara parasitologik tidak terklasifikasikan','Penyakit disebabkan oleh protozoa'),
('B54','Malaria klinis','Penyakit disebabkan oleh protozoa'),
('B74','Filariasis','Penyakit yang disebabkan oleh cacing'),
('B76','Penyakit cacing tambang','Penyakit yang disebabkan oleh cacing'),
('B77','Askariasis (Penyakit cacing gelang)','Penyakit yang disebabkan oleh cacing'),
('B79','Trikhuriasis (penyakit cacing cambuk)','Penyakit yang disebabkan oleh cacing'),
('B80','Enterobiasis','Penyakit yang disebabkan oleh cacing'),
('B86','Skabies','Pedikulosis, askariasis & gangguan oleh kutu lainnya'),
('C00','Tumor Ganas bibir, rongga mulut, faring','Tumor ganas / Neoplasma ganas'),
('C15','Tumor Ganas saluran pencernaaan','Tumor ganas / Neoplasma ganas'),
('C30','Tumor Ganas saluran pernafasan dan alat di dalam rongga dada','Tumor ganas / Neoplasma ganas'),
('C50','Tumor Ganas payudara','Tumor ganas / Neoplasma ganas'),
('C53.9','Tumor Ganas Leher Rahim','Tumor ganas alat kelamin wanita'),
('C54.9','Tumor ganas Korpus Rahim','Tumor ganas alat kelamin wanita'),
('C56','Tumor Ganas Indung Telur','Tumor ganas alat kelamin wanita'),
('C61','Tumor Ganas Prostat','Tumor ganas alat kelamin pria'),
('D36.9','Tumor jinak lainnya dan tidak spesifik tempatnya','Tumor jinak'),
('D48.9','Tumor tertentu atau tidak diketahui perilaku lainnya, tempat','Tumor tertentu dan tidak diketahui perilakunya'),
('D50','Anemia Defisiensi Besi','Penyakit darah dan alat pembentuk darah dan beberapa kelainan yang berhubungan dengan mekanisme kekebalan (imun)'),
('D51','Anemia defisiensi vitamin B12','Penyakit darah dan alat pembentuk darah dan beberapa kelainan yang berhubungan dengan mekanisme kekebalan (imun)'),
('D53.9','Anemia Defisiensi Gizi','Penyakit darah dan alat pembentuk darah dan beberapa kelainan yang berhubungan dengan mekanisme kekebalan (imun)'),
('D64','Anemia lainnya','Penyakit darah dan alat pembentuk darah dan beberapa kelainan yang berhubungan dengan mekanisme kekebalan (imun)'),
('E05','Tirotoksikosis (hipertiroidisme)','Penyakit kelainan endokrin, gizi dan metabolik'),
('E13','Diabetes melitus spesifik lain','Penyakit kelainan endokrin, gizi dan metabolik'),
('E14','Diabetes Melitus tidak spesifik ','Penyakit kelainan endokrin, gizi dan metabolik'),
('E40','Kwashiorkor','Penyakit kelainan endokrin, gizi dan metabolik'),
('E41','Marasmus','Penyakit kelainan endokrin, gizi dan metabolik'),
('E42','Marasmik-Kwashiorkor','Penyakit kelainan endokrin, gizi dan metabolik'),
('E43','Kurang kalori protein berat tidak spesifik','Penyakit kelainan endokrin, gizi dan metabolik'),
('E44','Kurang kalori protein sedang dan ringan','Penyakit kelainan endokrin, gizi dan metabolik'),
('E45','Gangguan pertumbuhan karena kurang kalori protein','Penyakit kelainan endokrin, gizi dan metabolik'),
('E46','Malnutrisi protein dan kalori tidak spesifik','Penyakit kelainan endokrin, gizi dan metabolik'),
('E50','Kekurangan vitamin A','Penyakit kelainan endokrin, gizi dan metabolik'),
('E66','Obesitas','Penyakit kelainan endokrin, gizi dan metabolik'),
('E78.5','Hiperlipidemia, tidak terspesifikasi','Penyakit kelainan endokrin, gizi dan metabolik'),
('E86','Deplesi volume (dehidrasi)','Penyakit kelainan endokrin, gizi dan metabolik'),
('F19','Gangguan jiwa dan perilaku ','Gangguan jiwa dan perilaku'),
('F20','Skizoprenia','Gangguan jiwa dan perilaku'),
('F23','Gangguan psikotik akut dan sementara','Gangguan jiwa dan perilaku'),
('F25','Gangguan Skizoafektif','Gangguan jiwa dan perilaku'),
('F32','Episode deprisif','Gangguan jiwa dan perilaku'),
('F45','Gangguan somatoform','Gangguan jiwa dan perilaku'),
('F48','Gangguan emosi lainnya','Gangguan jiwa dan perilaku'),
('F79','Retardasi mental tidak spesifik','Gangguan jiwa dan perilaku'),
('G00','Meningitis bakterialis','Penyakit susunan saraf'),
('G20','Penyakit parkinson','Penyakit susunan saraf'),
('G40','Epilepsi','Penyakit susunan saraf'),
('G43','Migren dan sindrom nyeri kepala lainnya','Penyakit susunan saraf'),
('G45','TIA (serangan iskemi otak transien dan sindrom terkait)','Penyakit susunan saraf'),
('G50.1','Neuralgia trigeminal','Penyakit susunan saraf'),
('G51.0 ','Bell palsi ','Penyakit susunan saraf'),
('G56.0','Sindrom terowongan karpal','Penyakit susunan saraf'),
('G98','Gangguan lain pada susunan saraf ','Penyakit susunan saraf'),
('H00','Hordeolum dan kalazion','Penyakit pada mata dan adneksa'),
('H01.0','Blefaritis','Penyakit pada mata dan adneksa'),
('H02.0','Entropion dan trikiasis kelopak mata','Penyakit pada mata dan adneksa'),
('H02.1','Ektropion kelopak mata','Penyakit pada mata dan adneksa'),
('H02.4','Ptosis kelopak mata','Penyakit pada mata dan adneksa'),
('H02.6','Xanthelasma kelopak mata','Penyakit pada mata dan adneksa'),
('H04.0','Dakrioadenitis','Penyakit pada mata dan adneksa'),
('H10.9','Konjungtivitis','Penyakit pada mata dan adneksa'),
('H11.0','Pterygium','Penyakit pada mata dan adneksa'),
('H16','Keratitis','Penyakit pada mata dan adneksa'),
('H16.0','Ulkus kornea','Penyakit pada mata dan adneksa'),
('H25','Katarak senilis','Penyakit pada mata dan adneksa'),
('H26','Katarak lain tidak spesifik','Penyakit pada mata dan adneksa'),
('H40','Glaukoma tidak spesifik','Penyakit pada mata dan adneksa'),
('H52','Gangguan refraksi dan akomodasi','Penyakit pada mata dan adneksa'),
('H53.5','Defisiensi penglihatan warna','Penyakit pada mata dan adneksa'),
('H54','Buta dan rabun','Penyakit pada mata dan adneksa'),
('H57','Gangguan mata dan adneksa lainnya','Penyakit pada mata dan adneksa'),
('H60','Otitis eksterna','Penyakit telinga dan prosesus mastoideus'),
('H61.2','Serumen impak','Penyakit telinga dan prosesus mastoideus'),
('H65','Otitis media nonsupurativa','Penyakit telinga dan prosesus mastoideus'),
('H66','Otitis media supurativa tidak spesifik','Penyakit telinga dan prosesus mastoideus'),
('H70','Mastoiditis','Penyakit telinga dan prosesus mastoideus'),
('H72','Perforasi membran timpani','Penyakit telinga dan prosesus mastoideus'),
('H93','Gangguan telinga lain tidak spesifik','Penyakit telinga dan prosesus mastoideus'),
('I10','Hipertensi primer (esensial)','Penyakit sistem pembuluh darah'),
('I15','Hipertensi sekunder','Penyakit sistem pembuluh darah'),
('I20','Angina pektoris','Penyakit sistem pembuluh darah'),
('I21','Infark miokard akut','Penyakit sistem pembuluh darah'),
('I23','Penyakit jantung iskemik lainnya','Penyakit sistem pembuluh darah'),
('I26','Emboli paru','Penyakit sistem pembuluh darah'),
('I44','Blok atrioventrikular dan cabang bundel kiri','Penyakit sistem pembuluh darah'),
('I44.0','Blok atrioventrikular, derajat satu','Penyakit sistem pembuluh darah'),
('I44.1','Blok atrioventrikular, derajat dua','Penyakit sistem pembuluh darah'),
('I44.2','Blok atrioventrikular, derajat tiga','Penyakit sistem pembuluh darah'),
('I46','Henti jantung','Penyakit sistem pembuluh darah'),
('I49','Aritmia jantung lainnya','Penyakit sistem pembuluh darah'),
('I50','Penyakit gagal jantung (Decompensatio Cordis)','Penyakit sistem pembuluh darah'),
('I63','Infark serebral','Penyakit sistem pembuluh darah'),
('I64','Stroke, tidak menyebut perdarahan atau infark','Penyakit sistem pembuluh darah'),
('I65','Penyakit Serebrovaskular tidak spesifik','Penyakit sistem pembuluh darah'),
('I83','Varises ektremitas bawah','Penyakit sistem pembuluh darah'),
('I84','Hemoroid (wasir)','Penyakit sistem pembuluh darah'),
('I95','Hipotensi tidak spesifik','Penyakit sistem pembuluh darah'),
('I99','Penyakit pembuluh darah lain tidak spesifik','Penyakit sistem pembuluh darah'),
('J00 ','Nasofaringitis akut (Commond Cold)','Penyakit infeksi saluran pernafasan atas akut'),
('J01','Sinusitis akut','Penyakit infeksi saluran pernafasan atas akut'),
('J02','Faringitis akut','Penyakit infeksi saluran pernafasan atas akut'),
('J03','Tonsilitis akut','Penyakit infeksi saluran pernafasan atas akut'),
('J04','Laringitis akut','Penyakit infeksi saluran pernafasan atas akut'),
('J06','Penyakit infeksi saluran pernafasan atas akut ','Penyakit infeksi saluran pernafasan atas akut'),
('J09','Suspek avian influenza/ flu burung','Influenza dan pneumonia'),
('J10','Influenza ','Influenza dan pneumonia'),
('J18.0','Broncho pneumonia tidak spesifik','Influenza dan pneumonia'),
('J12,','Pnemonia','Influenza dan pneumonia'),
('J22','Infeksi saluran pernafasan bawah akut tidak spesifik','Penyakit infeksi saluran pernafasan bawah akut lainnya'),
('J30.3','Alergi rhinitis akibat kerja','Penyakit saluran pernafasan lainnya'),
('J32','Sinusitis kronik','Penyakit saluran pernafasan lainnya'),
('J36','Penyakit saluran pernafasan bagian atas lainnya','Penyakit saluran pernafasan lainnya'),
('J40','Bronchitis tidak ditentukan akut atau kronik','Penyakit saluran pernafasan lainnya'),
('J45','Asma','Penyakit saluran pernafasan lainnya'),
('J46','Status asthmatikus','Penyakit saluran pernafasan lainnya'),
('J47','Bronkiektasis dan bronkiolektasis','Penyakit saluran pernafasan lainnya'),
('J84.9','Penyakit jantung interstitial paru lainnya','Penyakit saluran pernafasan lainnya'),
('K00','Kelainan-kelainan perkembangan dan erupsi gigi','Penyakit rongga mulut, kelenjar saliva, dan rahang'),
('K00.0','Anondosia','Penyakit rongga mulut, kelenjar saliva, dan rahang'),
('K00.1','Jumlah gigi sangat banyak','Penyakit rongga mulut, kelenjar saliva, dan rahang'),
('K00.2','Ketidaknormalan ukuran dan bentuk gigi','Penyakit rongga mulut, kelenjar saliva, dan rahang'),
('K01 ','Gigi embedded dan impaksi','Penyakit rongga mulut, kelenjar saliva, dan rahang'),
('K01.1','Gigi impaksi','Penyakit rongga mulut, kelenjar saliva, dan rahang'),
('K02','Karies gigi','Penyakit rongga mulut, kelenjar saliva, dan rahang'),
('K03','Penyakit-penyakit lain pada jaringan keras gigi','Penyakit rongga mulut, kelenjar saliva, dan rahang'),
('K03.0','Atrisi eksesif pada gigi','Penyakit rongga mulut, kelenjar saliva, dan rahang'),
('K03.1','Abrasi gigi','Penyakit rongga mulut, kelenjar saliva, dan rahang'),
('K03.7','Perubahan warna pasca erupsi pada jaringan keras gigi','Penyakit rongga mulut, kelenjar saliva, dan rahang'),
('K03.8','Penyakit-penyakit spesifik lain pada jaringan keras gigi','Penyakit rongga mulut, kelenjar saliva, dan rahang'),
('K04','Penyakit pulpa dan jaringan periapikal','Penyakit rongga mulut, kelenjar saliva, dan rahang'),
('K04.0','Pulpitis','Penyakit rongga mulut, kelenjar saliva, dan rahang'),
('K04.1','Nekrosis pulpa','Penyakit rongga mulut, kelenjar saliva, dan rahang'),
('K04.4','Periodontitis apikal akut yang berasal dari pulpa','Penyakit rongga mulut, kelenjar saliva, dan rahang'),
('K04.5','Periodontitis apikal kronik','Penyakit rongga mulut, kelenjar saliva, dan rahang'),
('K04.6','Periapikal abses dengan sinus','Penyakit rongga mulut, kelenjar saliva, dan rahang'),
('K04.7','Periapikal abses tanpa sinus','Penyakit rongga mulut, kelenjar saliva, dan rahang'),
('K04.9','Penyakit lain pada jaringan pulpa dan periapikal','Penyakit rongga mulut, kelenjar saliva, dan rahang'),
('K05','Penyakit-penyakit gingivitis dan periodontal','Penyakit rongga mulut, kelenjar saliva, dan rahang'),
('K05.0','Gingivitis akut','Penyakit rongga mulut, kelenjar saliva, dan rahang'),
('K05.1','Gingivitis kronik','Penyakit rongga mulut, kelenjar saliva, dan rahang'),
('K05.2','Periodontitis akut','Penyakit rongga mulut, kelenjar saliva, dan rahang'),
('K05.3','Periodontitis kronis','Penyakit rongga mulut, kelenjar saliva, dan rahang'),
('K05.5','Penyakit-penyakit periodontal lain','Penyakit rongga mulut, kelenjar saliva, dan rahang'),
('K06','Kelainan lain gingiva dan ridge edentula alveolar','Penyakit rongga mulut, kelenjar saliva, dan rahang'),
('K06.0','Resesi gingiva','Penyakit rongga mulut, kelenjar saliva, dan rahang'),
('K07','Kelainan dentofasial termasuk maloklusi','Penyakit rongga mulut, kelenjar saliva, dan rahang'),
('K07.6','Kelainan-kelainan sendi temporomandibula ','Penyakit rongga mulut, kelenjar saliva, dan rahang'),
('K08','Gangguan gigi dan jaringan penunjang lainnya','Penyakit rongga mulut, kelenjar saliva, dan rahang'),
('K08.1','Kehilangan gigi disebabkan kecelakaan, ekstraksi, atau penyakit','Penyakit rongga mulut, kelenjar saliva, dan rahang'),
('K08.3','Akar gigi tertinggal/ Radix','Penyakit rongga mulut, kelenjar saliva, dan rahang'),
('K09','Kista pada daerah mulut, tidak terklasifikasi di tempat lain','Penyakit rongga mulut, kelenjar saliva, dan rahang'),
('K10','Penyakit-penyakit lain pada rahang','Penyakit rongga mulut, kelenjar saliva, dan rahang'),
('K11','Penyakit-penyakit pada kelenjar ludah','Penyakit rongga mulut, kelenjar saliva, dan rahang'),
('K12','Stomatitis dan lesi-lesi terkait','Penyakit rongga mulut, kelenjar saliva, dan rahang'),
('K13','Penyakit-penyakit lain pada bibir dan mukosa mulut','Penyakit rongga mulut, kelenjar saliva, dan rahang'),
('K14','Penyakit-penyakit pada lidah','Penyakit rongga mulut, kelenjar saliva, dan rahang'),
('K25','Tukak lambung','Penyakit pada esofagus, lambung dan duodenum'),
('K29.7','Gastritis tidak spesifik','Penyakit pada esofagus, lambung dan duodenum'),
('K30','Dispepsia','Penyakit pada esofagus, lambung dan duodenum'),
('K35','Apendisitis akuta tidak spesifik','Penyakit pada apendiks'),
('K36','Apendisitis lainnya','Penyakit pada apendiks'),
('K40','Hernia inguinalis','Hernia'),
('K41','Hernia femoralis','Hernia'),
('K42','Hernia umbilikalis','Hernia'),
('K56.0','Ileus paralitik','Penyakit lain pada usus'),
('K58','Sindrom iritasi usus','Penyakit lain pada usus'),
('K59.0','Konstipasi','Penyakit lain pada usus'),
('K63','Penyakit usus halus lainnya','Penyakit lain pada usus'),
('K76','Penyakit hati lainnya','Penyakit pada hati'),
('K92','Penyakit sistem pencernaan tidak spesifik','Penyakit lain pada sistem pencernaan'),
('L01','Impetigo','Penyakit kulit dan jaringan subkutan'),
('L02','Abses, furunkel, karbunkel kutan','Penyakit kulit dan jaringan subkutan'),
('L03','Selulitis','Penyakit kulit dan jaringan subkutan'),
('L04','Limfadenitis akut','Penyakit kulit dan jaringan subkutan'),
('L08.0','Pioderma','Penyakit kulit dan jaringan subkutan'),
('L20','Dermatitis atopik','Penyakit kulit dan jaringan subkutan'),
('L23','Dermatitis kontak','Penyakit kulit dan jaringan subkutan'),
('L28.0','Liken simpleks kronis','Penyakit kulit dan jaringan subkutan'),
('L29','Pruritus','Penyakit kulit dan jaringan subkutan'),
('L30.9','Dermatitis lain, tidak spesifik (eksema)','Penyakit kulit dan jaringan subkutan'),
('L40','Psoriasis','Penyakit kulit dan jaringan subkutan'),
('L50','Urtikaris','Penyakit kulit dan jaringan subkutan'),
('L55','Terbakar sinar matahari','Penyakit kulit dan jaringan subkutan'),
('L70','Akne','Penyakit kulit dan jaringan subkutan'),
('L91','Parut kelois','Penyakit kulit dan jaringan subkutan'),
('L98','Gangguan lain pada kulit & jaringan subkutan yg tidak terklasifikasikan','Penyakit kulit dan jaringan subkutan'),
('M10','Gout','Penyakit sistem muskuloskeletal dan jaringan ikat'),
('M13','Artritis lainnya','Penyakit sistem muskuloskeletal dan jaringan ikat'),
('M40','Kifosis dan Lordosis','Penyakit sistem muskuloskeletal dan jaringan ikat'),
('M41','Skoliosis','Penyakit sistem muskuloskeletal dan jaringan ikat'),
('M54.5','Low Back Pain (Nyeri punggung lain)','Penyakit sistem muskuloskeletal dan jaringan ikat'),
('M79.0','Rematisme, tidak spesifik','Penyakit sistem muskuloskeletal dan jaringan ikat'),
('M79.1','Myalgia','Penyakit sistem muskuloskeletal dan jaringan ikat'),
('M79.2','Neuralgia dan neuritis, tidak spesifik','Penyakit sistem muskuloskeletal dan jaringan ikat'),
('N04','Sindroma nefrotik','Penyakit sistem saluran kemih dan kelamin'),
('N17','Gagal ginjal akuta','Penyakit sistem saluran kemih dan kelamin'),
('N20','Batu sistem kemih (ginjal, ureter, saluran kemih bawah)','Penyakit sistem saluran kemih dan kelamin'),
('N23','Kolik ginjal tidak spesifik','Penyakit sistem saluran kemih dan kelamin'),
('N30','Sistitis','Penyakit sistem saluran kemih dan kelamin'),
('N34','Uretritis dan sindrom uretral','Penyakit sistem saluran kemih dan kelamin'),
('N40','Gangguan prostat','Penyakit sistem saluran kemih dan kelamin'),
('N45','Orkhitis dan epididimitis','Penyakit sistem saluran kemih dan kelamin'),
('O00','Kehamilan ektopik (diluar kandungan)','Kehamilan, persalinan dan nifas'),
('O03','Abortus spontan','Kehamilan, persalinan dan nifas'),
('O04','Abortus atas indikasi medis','Kehamilan, persalinan dan nifas'),
('O05','Abortus lainnya','Kehamilan, persalinan dan nifas'),
('O10','Hipertensi yang sudah ada sebelum kehamilan','Kehamilan, persalinan dan nifas'),
('O13','Pre-eklampsia ringan','Kehamilan, persalinan dan nifas'),
('O14.0','Pre-eklampsia sedang','Kehamilan, persalinan dan nifas'),
('O14.1','Pre-eklampsia berat','Kehamilan, persalinan dan nifas'),
('O15.0','Eklampsia selama kehamilan','Kehamilan, persalinan dan nifas'),
('O15.1','Eklampsia dalam proses melahirkan','Kehamilan, persalinan dan nifas'),
('O15.2','Eklampsia pada masa nifas','Kehamilan, persalinan dan nifas'),
('O15.3','Eklampsia tidak spesifik ','Kehamilan, persalinan dan nifas'),
('O16','Hipertensi Maternal','Kehamilan, persalinan dan nifas'),
('O21','Muntah berlebihan selama masa kehamilan','Kehamilan, persalinan dan nifas'),
('O24','Diabetes Mellitus dalam kehamilan','Kehamilan, persalinan dan nifas'),
('O25','Kehamilan dengan malnutrisi','Kehamilan, persalinan dan nifas'),
('O42','Ketuban pecah dini','Kehamilan, persalinan dan nifas'),
('O46','Perdarahan Antepartum','Kehamilan, persalinan dan nifas'),
('O63','Persalinan (partus) lama','Kehamilan, persalinan dan nifas'),
('O68','Persalinan dengan penyulit gawat janin','Kehamilan, persalinan dan nifas'),
('O72','Perdarahan setelah persalinan','Kehamilan, persalinan dan nifas'),
('O80','Persalinan tunggal spontan','Kehamilan, persalinan dan nifas'),
('P05','Pertumbuhan janin lambat dan malnutrisi janin','Kondisi tertentu yang bermula pada masa perinatal'),
('P07','Gangguan yang berhubungan dengan pendeknya masa gestasi','Kondisi tertentu yang bermula pada masa perinatal'),
('P21','Asfiksia waktu lahir','Kondisi tertentu yang bermula pada masa perinatal'),
('P22','Sindrome distres saluran pernafasan (RDS)','Kondisi tertentu yang bermula pada masa perinatal'),
('P29','Gangguan kardiovaskuler','Kondisi tertentu yang bermula pada masa perinatal'),
('P50','Kehilangan darah janin','Kondisi tertentu yang bermula pada masa perinatal'),
('P55','Penyakit hemolitik pada janin dan bayi baru lahir','Kondisi tertentu yang bermula pada masa perinatal'),
('P58','Jaundis pada bayi baru lahir, disebabkan oleh hemolisis berlebihan','Kondisi tertentu yang bermula pada masa perinatal'),
('P95','Lahir mati','Kondisi tertentu yang bermula pada masa perinatal'),
('Q35','Celah palatum (langit-langit)','Kelainan bawaan, kelainan pembentukan dan kromosom'),
('Q36','Celah bibir','Kelainan bawaan, kelainan pembentukan dan kromosom'),
('Q37','Celah palatum dengan celah bibir','Kelainan bawaan, kelainan pembentukan dan kromosom'),
('Q38','Kelainan bawaan lain pada lidah, mulut dan faring','Kelainan bawaan, kelainan pembentukan dan kromosom'),
('R10','Nyeri pinggul dan perut','Gejala, tanda, penemuan secara klinik dan laboratorium yang tidak diklasifikasikan di tempat lainnya'),
('R15','Inkontinensia Feses','Gejala, tanda, penemuan secara klinik dan laboratorium yang tidak diklasifikasikan di tempat lainnya'),
('R33','Retensi urine','Gejala, tanda, penemuan secara klinik dan laboratorium yang tidak diklasifikasikan di tempat lainnya'),
('R50','Demam yang tidak diketahui sebabnya','Gejala, tanda, penemuan secara klinik dan laboratorium yang tidak diklasifikasikan di tempat lainnya'),
('R56','Kejang yang tidak terklasifikasikan ditempat lain','Gejala, tanda, penemuan secara klinik dan laboratorium yang tidak diklasifikasikan di tempat lainnya'),
('R68','Gejala dan tanda umum gejala lainnya','Gejala, tanda, penemuan secara klinik dan laboratorium yang tidak diklasifikasikan di tempat lainnya'),
('S00','Cedera pada kepala','Cedera, keracunan dan penyebab eksternal lain'),
('S10','Cedera pada leher','Cedera, keracunan dan penyebab eksternal lain'),
('S20','Cedera pada rongga dada','Cedera, keracunan dan penyebab eksternal lain'),
('S30','Cedera pada perut, punggung, tulang belakang dan pinggul','Cedera, keracunan dan penyebab eksternal lain'),
('S40','Cedera pada bahu, lengan atas, siku, lengan bawah, pergelangan','Cedera, keracunan dan penyebab eksternal lain'),
('T00','Cedera pada daerah badan multiple','Cedera, keracunan dan penyebab eksternal lain'),
('T20','Luka bakar dan korosi','Cedera, keracunan dan penyebab eksternal lain'),
('T36','Keracunan obat dan preparat biologik','Cedera, keracunan dan penyebab eksternal lain'),
('T60','Keracunan pestisida','Cedera, keracunan dan penyebab eksternal lain'),
('U04','Severe acute respiratory syndrome(SARS)','Penyakit baru dengan etimologi yang belum jelas'),
('Z00','Sehat','Penyakit lain-lainnya');

-- laporan pelayanan salemba

-- obat
insert into obat (nama, kategori, jenis, sediaan, kemasan, satuan_per_kemasan) values
('Tidak Ada Obat','-','-','-','-',0),
('Acifar 400mg tablet', 'Obat Umum', 'Antivirus dan Antivirus Topical', 'Tablet', 'Strip', 10),
('Yusimox', 'Obat Umum', 'Antibiotik', 'Tablet', 'Strip', 10),
('Itamol tab', 'Obat Umum', 'Analgetik dan Antipiretik', 'Tablet', 'Strip', 10),
('Ulcumaag', 'Obat Umum', 'Obat Maag', 'Tablet', 'Strip', 10),
('Bisoprolol 5mg', 'Obat Umum', 'Obat Darah tinggi', 'Tablet', 'Strip', 10);

-- stok obat
insert into stok_obat (nama_obat, tgl_kadaluarsa, jml_satuan) values
('Tidak Ada Obat','2099-12-31',100000000),
('Acifar 400mg tablet', '2013-08-11', 100),
('Acifar 400mg tablet', '2013-09-11', 100),
('Acifar 400mg tablet', '2013-10-11', 100),
('Yusimox', '2013-08-20', 100),
('Itamol tab', '2013-08-31', 100),
('Ulcumaag', '2013-09-17', 100),
('Ulcumaag', '2013-09-27', 100),
('Bisoprolol 5mg', '2013-11-11', 100);

-- log obat masuk
insert into log_obat_masuk (tgl, deskripsi, flag_faktur, username_penerima) values
('2013-07-07', 'Tidak ada keterangan', true, 'chaerunnisa'),
('2013-10-07', 'Tidak ada keterangan', true, 'chaerunnisa');

-- penerimaan obat
insert into penerimaan_obat (id_log_obat_masuk, nama_obat, jumlah, total_stok) values
(1, 'Acifar 400mg tablet', 300, 300),
(2, 'Yusimox', 100, 100),
(2, 'Itamol tab', 100, 100),
(2, 'Ulcumaag', 200, 200),
(2, 'Bisoprolol 5mg', 100, 100);

-- log obat keluar
insert into log_obat_keluar (tgl, jenis, deskripsi, username_pemberi) values 
('2013-07-10', 'Event', 'Untuk event XXX', 'chaerunnisa');
	
-- pengeluaran obat
insert into pengeluaran_obat (id_log_obat_keluar, nama_obat, jumlah, sisa_obat) values
(1, 'Yusimox', 10, 90),
(1, 'Ulcumaag', 20, 80);
